country_id,value
AE,34.07
AL,23.52
AR,10.92
AT,19.40
AU,11.98
BB,27.90
BD,29.10
BE,16.52
BG,19.52
BH,34.24
BI,23.99
BJ,26.92
BO,5.20
BR,19.78
BS,28.29
BY,17.91
BZ,29.01
CA,16.67
CF,25.83
CG,24.15
CH,18.06
CI,26.28
CN,25.07
CO,13.70
CR,22.62
CU,26.59
CY,27.30
CZ,16.85
DE,17.71
DK,14.71
DO,27.55
DZ,22.87
EC,20.41
EG,28.30
ES,21.38
ET,17.33
FI,15.17
FR,18.99
GA,26.08
GB,15.54
GE,21.85
GM,27.60
GN,27.38
GR,25.74
GT,20.01
GW,28.98
GY,28.25
HN,22.80
HR,21.46
HT,31.19
HU,20.02
ID,28.89
IE,13.51
IL,24.96
IN,31.00
IS,10.05
IT,21.62
JO,24.98
JP,20.32
KE,18.20
KG,23.31
KP,22.04
KR,22.09
KW,37.92
KZ,21.99
LA,28.90
LB,25.38
LK,28.11
LV,16.19
MA,20.95
MG,15.47
MK,21.78
MM,27.35
MN,16.64
MR,26.58
MW,18.06
MX,24.40
MY,28.54
MZ,20.37
NA,15.28
NG,29.77
NI,27.69
NL,16.07
NO,14.20
NP,24.43
NZ,12.02
OM,33.82
PA,27.16
PE,17.92
PH,28.88
PK,31.55
PL,17.87
PT,20.94
QA,35.78
RO,21.51
RU,18.48
SA,35.59
SE,15.66
SG,28.63
SK,20.06
SL,27.47
SN,25.73
SR,26.12
SY,25.85
TG,26.67
TH,29.66
TJ,26.06
TM,29.79
TN,25.04
TR,20.86
TZ,24.62
UA,19.58
UG,22.24
US,22.60
UY,10.95
UZ,27.42
VE,27.79
VN,29.49
ZA,13.00
ZM,17.19
BW,17.24
LY,30.94
ST,24.01
GQ,20.91
GH,26.34
AZ,26.69
LC,26.02
AG,28.09
ME,20.84
SD,30.74
VU,19.68
MC,20.45
SZ,16.72
BN,26.57
NE,34.31
SC,24.18
CL,9.64
FM,27.6
VA,22.47
TL,19.73
SB,23.01
PG,15.64
PY,20.31
FJ,19.96
TV,28.8
PW,26.3
VC,27.91
LS,4.13
SO,29.51
CD,26.1
MU,18.66
AO,19.4
BT,14.46
MD,20.43
CM,19.86
JM,25.91
AD,11.96
BA,11.43
NR,27.57
SS,27.92
GD,27.54
KI,28.49
MT,22.98
PS,22.17
KM,26.27
TD,33.58
SI,19.48
AM,8.97
DM,25.16
DJ,28.05
EE,17.68
MH,27.94
MV,28.53
LU,19.55
ER,35.07
ZW,18.32
SM,20.35
TW,11.82
LT,17.83
TO,22.49
IQ,34.39
IR,32.69
RW,19.7
SV,25.01
LR,24.19
AF,11.34
ML,34.66
YE,31.95
LI,10.86
CV,24.68
BF,29.01
WS,27.58
TT,25.08
KH,27.76
KN,23.66
RS,18.97
GL,3.06
